{"accuracy": 0.8415841584158416, "confusion_matrix": [[15, 0, 0, 0, 0, 0, 0, 0, 0, 0], [1, 5, 0, 0, 0, 0, 0, 0, 0, 1], [0, 0, 13, 0, 0, 0, 0, 1, 0, 0], [0, 0, 1, 4, 0, 0, 0, 0, 0, 0], [0, 0, 0, 0, 6, 0, 1, 0, 0, 2], [0, 0, 0, 0, 1, 13, 0, 0, 0, 0], [0, 0, 0, 0, 2, 0, 5, 0, 0, 0], [1, 1, 1, 0, 0, 0, 0, 13, 0, 1], [0, 1, 0, 0, 0, 0, 0, 0, 3, 0], [1, 0, 0, 0, 0, 0, 0, 0, 0, 8]], "classification_report": {"SEATED_RX": {"precision": 0.8333333333333334, "recall": 1.0, "f1-score": 0.9090909090909091, "support": 15}, "STANDING_UP_RX": {"precision": 0.7142857142857143, "recall": 0.7142857142857143, "f1-score": 0.7142857142857143, "support": 7}, "WALKING_TX": {"precision": 0.8666666666666667, "recall": 0.9285714285714286, "f1-score": 0.896551724137931, "support": 14}, "TURN_TX": {"precision": 1.0, "recall": 0.8, "f1-score": 0.888888888888889, "support": 5}, "SITTING_DOWN_TX": {"precision": 0.6666666666666666, "recall": 0.6666666666666666, "f1-score": 0.6666666666666666, "support": 9}, "SEATED_TX": {"precision": 1.0, "recall": 0.9285714285714286, "f1-score": 0.962962962962963, "support": 14}, "STANDING_UP_TX": {"precision": 0.8333333333333334, "recall": 0.7142857142857143, "f1-score": 0.7692307692307692, "support": 7}, "WALKING_RX": {"precision": 0.9285714285714286, "recall": 0.7647058823529411, "f1-score": 0.8387096774193549, "support": 17}, "TURN_RX": {"precision": 1.0, "recall": 0.75, "f1-score": 0.8571428571428571, "support": 4}, "SITTING_DOWN_RX": {"precision": 0.6666666666666666, "recall": 0.8888888888888888, "f1-score": 0.761904761904762, "support": 9}, "accuracy": 0.8415841584158416, "macro avg": {"precision": 0.8509523809523809, "recall": 0.8155975723622783, "f1-score": 0.8265434931730816, "support": 101}, "weighted avg": {"precision": 0.8539839698255539, "recall": 0.8415841584158416, "f1-score": 0.8420040384819732, "support": 101}}, "mean_prediction_probabilities": [0.9522172212600708, 0.9258241653442383, 0.9247244596481323, 0.9991571307182312, 0.8018972873687744, 0.8811215162277222, 0.713590681552887, 0.8526951670646667, 0.7023969292640686, 0.9090189337730408]}