{"accuracy": 0.5192307692307693, "confusion_matrix": [[3, 0, 16, 0, 0, 0, 0, 0, 0, 0], [0, 4, 1, 0, 0, 0, 0, 2, 0, 0], [0, 0, 13, 1, 0, 0, 0, 0, 0, 0], [0, 0, 0, 5, 0, 0, 0, 0, 0, 0], [1, 0, 0, 0, 7, 0, 1, 0, 0, 1], [0, 0, 0, 0, 0, 10, 0, 0, 0, 0], [0, 1, 0, 0, 5, 0, 2, 0, 0, 0], [0, 0, 7, 5, 0, 0, 0, 4, 1, 0], [0, 0, 0, 2, 0, 0, 0, 0, 2, 0], [0, 1, 1, 0, 0, 0, 0, 4, 0, 4]], "classification_report": {"SEATED_RX": {"precision": 0.75, "recall": 0.15789473684210525, "f1-score": 0.2608695652173913, "support": 19}, "STANDING_UP_RX": {"precision": 0.6666666666666666, "recall": 0.5714285714285714, "f1-score": 0.6153846153846153, "support": 7}, "WALKING_TX": {"precision": 0.34210526315789475, "recall": 0.9285714285714286, "f1-score": 0.5, "support": 14}, "TURN_TX": {"precision": 0.38461538461538464, "recall": 1.0, "f1-score": 0.5555555555555556, "support": 5}, "SITTING_DOWN_TX": {"precision": 0.5833333333333334, "recall": 0.7, "f1-score": 0.6363636363636365, "support": 10}, "SEATED_TX": {"precision": 1.0, "recall": 1.0, "f1-score": 1.0, "support": 10}, "STANDING_UP_TX": {"precision": 0.6666666666666666, "recall": 0.25, "f1-score": 0.36363636363636365, "support": 8}, "WALKING_RX": {"precision": 0.4, "recall": 0.23529411764705882, "f1-score": 0.29629629629629634, "support": 17}, "TURN_RX": {"precision": 0.6666666666666666, "recall": 0.5, "f1-score": 0.5714285714285715, "support": 4}, "SITTING_DOWN_RX": {"precision": 0.8, "recall": 0.4, "f1-score": 0.5333333333333333, "support": 10}, "accuracy": 0.5192307692307693, "macro avg": {"precision": 0.6260053981106612, "recall": 0.5743188854489164, "f1-score": 0.5332867937215763, "support": 104}, "weighted avg": {"precision": 0.6179091404546869, "recall": 0.5192307692307693, "f1-score": 0.49010388224435053, "support": 104}}, "mean_prediction_probabilities": [0.8640336990356445, 0.826117992401123, 0.8988776803016663, 0.8801130652427673, 0.7315182089805603, 0.7935428023338318, 0.5916541218757629, 0.8314459919929504, 0.8348638415336609, 0.7629900574684143]}