{"accuracy": 0.38235294117647056, "confusion_matrix": [[1, 1, 13, 0, 2, 0, 0, 0, 0, 0], [0, 2, 5, 0, 0, 0, 0, 0, 0, 1], [0, 0, 15, 0, 0, 0, 0, 0, 0, 0], [0, 0, 0, 5, 0, 0, 0, 0, 0, 0], [0, 2, 0, 1, 3, 0, 2, 0, 0, 0], [0, 0, 0, 0, 3, 9, 0, 0, 0, 0], [0, 1, 0, 2, 1, 0, 2, 0, 0, 2], [0, 1, 6, 9, 0, 0, 0, 0, 0, 0], [0, 0, 0, 3, 0, 0, 0, 0, 0, 1], [0, 2, 2, 0, 0, 0, 0, 2, 1, 2]], "classification_report": {"SEATED_RX": {"precision": 1.0, "recall": 0.058823529411764705, "f1-score": 0.1111111111111111, "support": 17}, "STANDING_UP_RX": {"precision": 0.2222222222222222, "recall": 0.25, "f1-score": 0.23529411764705882, "support": 8}, "WALKING_TX": {"precision": 0.36585365853658536, "recall": 1.0, "f1-score": 0.5357142857142857, "support": 15}, "TURN_TX": {"precision": 0.25, "recall": 1.0, "f1-score": 0.4, "support": 5}, "SITTING_DOWN_TX": {"precision": 0.3333333333333333, "recall": 0.375, "f1-score": 0.35294117647058826, "support": 8}, "SEATED_TX": {"precision": 1.0, "recall": 0.75, "f1-score": 0.8571428571428571, "support": 12}, "STANDING_UP_TX": {"precision": 0.5, "recall": 0.25, "f1-score": 0.3333333333333333, "support": 8}, "WALKING_RX": {"precision": 0.0, "recall": 0.0, "f1-score": 0.0, "support": 16}, "TURN_RX": {"precision": 0.0, "recall": 0.0, "f1-score": 0.0, "support": 4}, "SITTING_DOWN_RX": {"precision": 0.3333333333333333, "recall": 0.2222222222222222, "f1-score": 0.26666666666666666, "support": 9}, "accuracy": 0.38235294117647056, "macro avg": {"precision": 0.4004742547425474, "recall": 0.3906045751633987, "f1-score": 0.30922035480859006, "support": 102}, "weighted avg": {"precision": 0.4625710717891492, "recall": 0.38235294117647056, "f1-score": 0.31355751450907154, "support": 102}}, "mean_prediction_probabilities": [0.45497560501098633, 0.7150814533233643, 0.8157021403312683, 0.9256057739257812, 0.7792883515357971, 0.7037931084632874, 0.722000002861023, 0.573945164680481, 0.6765042543411255, 0.7450522780418396]}