{"accuracy": 0.2653061224489796, "confusion_matrix": [[0, 0, 14, 1, 0, 0, 0, 0, 0, 0], [0, 1, 1, 0, 0, 0, 0, 3, 2, 0], [0, 0, 13, 2, 0, 0, 0, 0, 0, 0], [0, 0, 0, 5, 0, 0, 0, 0, 0, 0], [0, 4, 0, 0, 3, 0, 0, 0, 0, 1], [6, 4, 0, 0, 0, 2, 0, 0, 0, 2], [2, 2, 0, 1, 0, 0, 0, 1, 0, 0], [0, 0, 7, 10, 0, 0, 0, 0, 0, 0], [0, 0, 1, 1, 0, 0, 0, 0, 1, 0], [0, 2, 4, 0, 0, 0, 0, 0, 1, 1]], "classification_report": {"SEATED_RX": {"precision": 0.0, "recall": 0.0, "f1-score": 0.0, "support": 15}, "STANDING_UP_RX": {"precision": 0.07692307692307693, "recall": 0.14285714285714285, "f1-score": 0.1, "support": 7}, "WALKING_TX": {"precision": 0.325, "recall": 0.8666666666666667, "f1-score": 0.4727272727272728, "support": 15}, "TURN_TX": {"precision": 0.25, "recall": 1.0, "f1-score": 0.4, "support": 5}, "SITTING_DOWN_TX": {"precision": 1.0, "recall": 0.375, "f1-score": 0.5454545454545454, "support": 8}, "SEATED_TX": {"precision": 1.0, "recall": 0.14285714285714285, "f1-score": 0.25, "support": 14}, "STANDING_UP_TX": {"precision": 0.0, "recall": 0.0, "f1-score": 0.0, "support": 6}, "WALKING_RX": {"precision": 0.0, "recall": 0.0, "f1-score": 0.0, "support": 17}, "TURN_RX": {"precision": 0.25, "recall": 0.3333333333333333, "f1-score": 0.28571428571428575, "support": 3}, "SITTING_DOWN_RX": {"precision": 0.25, "recall": 0.125, "f1-score": 0.16666666666666666, "support": 8}, "accuracy": 0.2653061224489796, "macro avg": {"precision": 0.31519230769230766, "recall": 0.2985714285714286, "f1-score": 0.222056277056277, "support": 98}, "weighted avg": {"precision": 0.32054552590266877, "recall": 0.2653061224489796, "f1-score": 0.2025002208675678, "support": 98}}, "mean_prediction_probabilities": [0.6579309701919556, 0.7436122298240662, 0.8965107202529907, 0.9149627685546875, 0.6206328272819519, 0.4525749683380127, NaN, 0.7465462684631348, 0.7955770492553711, 0.7872759103775024]}