{"accuracy": 0.8415841584158416, "confusion_matrix": [[15, 0, 0, 0, 0, 0, 0, 0, 0, 0], [0, 7, 0, 0, 0, 0, 0, 0, 0, 0], [0, 0, 14, 0, 0, 0, 0, 0, 0, 0], [0, 0, 0, 5, 0, 0, 0, 0, 0, 0], [0, 0, 0, 0, 6, 0, 3, 0, 0, 0], [0, 0, 0, 0, 0, 14, 0, 0, 0, 0], [0, 0, 0, 0, 4, 0, 3, 0, 0, 0], [0, 4, 0, 0, 0, 0, 0, 11, 0, 2], [0, 1, 0, 0, 0, 0, 0, 0, 3, 0], [0, 2, 0, 0, 0, 0, 0, 0, 0, 7]], "classification_report": {"SEATED_RX": {"precision": 1.0, "recall": 1.0, "f1-score": 1.0, "support": 15}, "STANDING_UP_RX": {"precision": 0.5, "recall": 1.0, "f1-score": 0.6666666666666666, "support": 7}, "WALKING_TX": {"precision": 1.0, "recall": 1.0, "f1-score": 1.0, "support": 14}, "TURN_TX": {"precision": 1.0, "recall": 1.0, "f1-score": 1.0, "support": 5}, "SITTING_DOWN_TX": {"precision": 0.6, "recall": 0.6666666666666666, "f1-score": 0.631578947368421, "support": 9}, "SEATED_TX": {"precision": 1.0, "recall": 1.0, "f1-score": 1.0, "support": 14}, "STANDING_UP_TX": {"precision": 0.5, "recall": 0.42857142857142855, "f1-score": 0.4615384615384615, "support": 7}, "WALKING_RX": {"precision": 1.0, "recall": 0.6470588235294118, "f1-score": 0.7857142857142858, "support": 17}, "TURN_RX": {"precision": 1.0, "recall": 0.75, "f1-score": 0.8571428571428571, "support": 4}, "SITTING_DOWN_RX": {"precision": 0.7777777777777778, "recall": 0.7777777777777778, "f1-score": 0.7777777777777778, "support": 9}, "accuracy": 0.8415841584158416, "macro avg": {"precision": 0.8377777777777778, "recall": 0.8270074696545284, "f1-score": 0.818041899620847, "support": 101}, "weighted avg": {"precision": 0.8752475247524754, "recall": 0.8415841584158416, "f1-score": 0.8452213931630296, "support": 101}}, "mean_prediction_probabilities": [0.9995177388191223, 0.776218831539154, 0.9902634024620056, 0.9999996423721313, 0.6852040886878967, 0.9936947226524353, 0.7225847840309143, 0.862264096736908, 0.9675208926200867, 0.667478084564209]}