{"accuracy": 0.25961538461538464, "confusion_matrix": [[0, 0, 19, 0, 0, 0, 0, 0, 0, 0], [0, 2, 3, 1, 0, 0, 0, 0, 0, 1], [0, 0, 0, 14, 0, 0, 0, 0, 0, 0], [0, 0, 0, 5, 0, 0, 0, 0, 0, 0], [2, 0, 0, 0, 4, 0, 0, 3, 0, 1], [0, 0, 0, 0, 0, 10, 0, 0, 0, 0], [1, 1, 0, 0, 3, 0, 0, 3, 0, 0], [0, 0, 0, 11, 0, 0, 0, 4, 2, 0], [0, 0, 0, 4, 0, 0, 0, 0, 0, 0], [0, 1, 6, 0, 0, 0, 0, 0, 1, 2]], "classification_report": {"SEATED_RX": {"precision": 0.0, "recall": 0.0, "f1-score": 0.0, "support": 19}, "STANDING_UP_RX": {"precision": 0.5, "recall": 0.2857142857142857, "f1-score": 0.36363636363636365, "support": 7}, "WALKING_TX": {"precision": 0.0, "recall": 0.0, "f1-score": 0.0, "support": 14}, "TURN_TX": {"precision": 0.14285714285714285, "recall": 1.0, "f1-score": 0.25, "support": 5}, "SITTING_DOWN_TX": {"precision": 0.5714285714285714, "recall": 0.4, "f1-score": 0.47058823529411764, "support": 10}, "SEATED_TX": {"precision": 1.0, "recall": 1.0, "f1-score": 1.0, "support": 10}, "STANDING_UP_TX": {"precision": 0.0, "recall": 0.0, "f1-score": 0.0, "support": 8}, "WALKING_RX": {"precision": 0.4, "recall": 0.23529411764705882, "f1-score": 0.29629629629629634, "support": 17}, "TURN_RX": {"precision": 0.0, "recall": 0.0, "f1-score": 0.0, "support": 4}, "SITTING_DOWN_RX": {"precision": 0.5, "recall": 0.2, "f1-score": 0.28571428571428575, "support": 10}, "accuracy": 0.25961538461538464, "macro avg": {"precision": 0.31142857142857144, "recall": 0.31210084033613444, "f1-score": 0.26662351809410634, "support": 104}, "weighted avg": {"precision": 0.30508241758241755, "recall": 0.25961538461538464, "f1-score": 0.2538030460824579, "support": 104}}, "mean_prediction_probabilities": [0.5667248964309692, 0.8282611966133118, 0.9320539832115173, 0.9722703099250793, 0.622980535030365, 0.9775413274765015, NaN, 0.8812545537948608, 0.7297300696372986, 0.7743585705757141]}