{"accuracy": 0.28431372549019607, "confusion_matrix": [[0, 0, 5, 0, 9, 2, 0, 0, 0, 1], [0, 0, 7, 1, 0, 0, 0, 0, 0, 0], [0, 0, 7, 8, 0, 0, 0, 0, 0, 0], [0, 0, 0, 5, 0, 0, 0, 0, 0, 0], [0, 0, 0, 2, 5, 0, 1, 0, 0, 0], [0, 0, 0, 4, 0, 8, 0, 0, 0, 0], [0, 0, 0, 2, 2, 0, 3, 0, 0, 1], [0, 0, 0, 13, 0, 0, 0, 0, 3, 0], [0, 0, 0, 4, 0, 0, 0, 0, 0, 0], [0, 0, 6, 1, 0, 0, 0, 0, 1, 1]], "classification_report": {"SEATED_RX": {"precision": 0.0, "recall": 0.0, "f1-score": 0.0, "support": 17}, "STANDING_UP_RX": {"precision": 0.0, "recall": 0.0, "f1-score": 0.0, "support": 8}, "WALKING_TX": {"precision": 0.28, "recall": 0.4666666666666667, "f1-score": 0.35000000000000003, "support": 15}, "TURN_TX": {"precision": 0.125, "recall": 1.0, "f1-score": 0.2222222222222222, "support": 5}, "SITTING_DOWN_TX": {"precision": 0.3125, "recall": 0.625, "f1-score": 0.4166666666666667, "support": 8}, "SEATED_TX": {"precision": 0.8, "recall": 0.6666666666666666, "f1-score": 0.7272727272727272, "support": 12}, "STANDING_UP_TX": {"precision": 0.75, "recall": 0.375, "f1-score": 0.5, "support": 8}, "WALKING_RX": {"precision": 0.0, "recall": 0.0, "f1-score": 0.0, "support": 16}, "TURN_RX": {"precision": 0.0, "recall": 0.0, "f1-score": 0.0, "support": 4}, "SITTING_DOWN_RX": {"precision": 0.3333333333333333, "recall": 0.1111111111111111, "f1-score": 0.16666666666666666, "support": 9}, "accuracy": 0.28431372549019607, "macro avg": {"precision": 0.26008333333333333, "recall": 0.3244444444444444, "f1-score": 0.23828282828282826, "support": 102}, "weighted avg": {"precision": 0.25416666666666665, "recall": 0.28431372549019607, "f1-score": 0.2345266389384037, "support": 102}}, "mean_prediction_probabilities": [NaN, NaN, 0.8572211265563965, 0.9495463371276855, 0.6308051347732544, 0.741969645023346, 0.6886575818061829, NaN, 0.7772782444953918, 0.6405372023582458]}