{"accuracy": 0.11224489795918367, "confusion_matrix": [[0, 0, 0, 7, 0, 3, 0, 0, 0, 5], [0, 1, 5, 0, 0, 0, 0, 0, 1, 0], [0, 0, 1, 14, 0, 0, 0, 0, 0, 0], [0, 0, 0, 5, 0, 0, 0, 0, 0, 0], [1, 3, 0, 0, 0, 0, 0, 0, 0, 4], [0, 0, 0, 0, 0, 3, 0, 0, 0, 11], [2, 0, 0, 2, 1, 0, 0, 1, 0, 0], [0, 0, 1, 16, 0, 0, 0, 0, 0, 0], [0, 0, 0, 3, 0, 0, 0, 0, 0, 0], [0, 0, 4, 2, 0, 0, 0, 0, 1, 1]], "classification_report": {"SEATED_RX": {"precision": 0.0, "recall": 0.0, "f1-score": 0.0, "support": 15}, "STANDING_UP_RX": {"precision": 0.25, "recall": 0.14285714285714285, "f1-score": 0.18181818181818182, "support": 7}, "WALKING_TX": {"precision": 0.09090909090909091, "recall": 0.06666666666666667, "f1-score": 0.07692307692307691, "support": 15}, "TURN_TX": {"precision": 0.10204081632653061, "recall": 1.0, "f1-score": 0.1851851851851852, "support": 5}, "SITTING_DOWN_TX": {"precision": 0.0, "recall": 0.0, "f1-score": 0.0, "support": 8}, "SEATED_TX": {"precision": 0.5, "recall": 0.21428571428571427, "f1-score": 0.3, "support": 14}, "STANDING_UP_TX": {"precision": 0.0, "recall": 0.0, "f1-score": 0.0, "support": 6}, "WALKING_RX": {"precision": 0.0, "recall": 0.0, "f1-score": 0.0, "support": 17}, "TURN_RX": {"precision": 0.0, "recall": 0.0, "f1-score": 0.0, "support": 3}, "SITTING_DOWN_RX": {"precision": 0.047619047619047616, "recall": 0.125, "f1-score": 0.06896551724137931, "support": 8}, "accuracy": 0.11224489795918367, "macro avg": {"precision": 0.09905689548546692, "recall": 0.15488095238095237, "f1-score": 0.08128919611678233, "support": 98}, "weighted avg": {"precision": 0.11229380434919795, "recall": 0.11224489795918367, "f1-score": 0.0826961580656162, "support": 98}}, "mean_prediction_probabilities": [0.6870393753051758, 0.5536771416664124, 0.9247552752494812, 0.9347853660583496, 0.3104783892631531, 0.6441302299499512, NaN, 0.9881889820098877, 0.937820315361023, 0.7282056212425232]}